StarID,HIP,HD,HR,Gliese,BayerFlamsteed,ProperName,RA,Dec,Distance,PMRA,PMDec,RV,Mag,AbsMag,Spectrum,ColorIndex,X,Y,Z,VX,VY,VZ
512,513.0,,,,,,0.10316432,87.88938595,478.468899521531,-9.03,15.82,,8.94,0.540731430555271,K0,1.0,17.61502,0.47586,478.1443,-3.609e-05,-2.1927e-05,1.351e-06
582,583.0,174.0,,,,,0.11836555,85.40485204,226.757369614512,28.93,3.5,,8.2,1.42219294733919,A3,0.295,18.15783,0.56285,226.02849,-4.818e-06,3.1667e-05,3.08e-07
706,705.0,245.0,,,,,0.14649349,86.78789828,61.576354679803,331.45,-6.63,,8.41,4.46293012452578,G2V,0.588,3.44773,0.13229,61.47961,-1.819e-06,9.8942e-05,-1.1e-07
818,820.0,,,,,,0.16794406,86.02305546,925.925925925926,23.08,0.9,,9.4,-0.43288122256525,F8,0.539,64.15558,2.82258,923.69633,-8.579e-06,0.00010332,2.8e-07
820,822.0,486.0,,,,,0.16812106,84.15197251,129.366106080207,41.59,8.14,,8.38,2.82089746959163,F5,0.371,13.16837,0.57996,128.69283,-6.22e-06,2.5833e-05,5.2e-07
1051,1052.0,,,,,,0.21901278,84.04424719,108.932461873638,127.98,-14.3,,9.02,3.83421340600621,F5,0.489,11.2843,0.64772,108.34447,3.625e-06,6.7902e-05,-7.83e-07
1283,1284.0,815.0,,,,,0.26812104,88.40120934,314.465408805031,5.3,-6.55,,9.12,1.63213559992216,A,0.23,8.75214,0.61535,314.34298,9.389e-06,8.759e-06,-2.78e-07
1357,1359.0,1119.0,,,,,0.28411916,84.9550675,180.18018018018,16.54,-4.86,,7.8,1.52146491561338,A2,0.204,15.80068,1.17746,179.48216,3.143e-06,1.4721e-05,-3.73e-07
1476,1479.0,,,,,,0.3067871,83.3675067,473.9336492891,28.4,5.62,,8.19,-0.188587723511535,K5,1.675,54.5631,4.39177,470.76181,-1.8019e-05,6.4009e-05,1.491e-06
2788,2794.0,2972.0,,,,,0.59311559,83.63164599,196.850393700787,21.57,4.6,,7.94,1.4693185614196,A2,0.154,21.57195,3.37681,195.63569,-7.493e-06,1.9661e-05,4.86e-07
2948,2953.0,3065.0,,,,,0.62513094,85.09269876,259.067357512953,23.69,6.32,,7.95,0.882936523358776,K0,0.974,21.8655,3.61077,258.11772,-1.2649e-05,2.8065e-05,6.78e-07
3001,3006.0,3161.0,,,,,0.63742018,84.67502086,40.3225806451613,-19.99,-17.89,,7.11,4.08225840413108,F8,0.554,3.69014,0.62157,40.14856,4.082e-06,-3.274e-06,-3.24e-07
3119,3128.0,1687.0,,,,,0.66228472,89.44429274,240.384615384615,-11.9,4.54,,8.12,1.21546665313371,K0,0.936,2.29647,0.40221,240.3733,-2.818e-06,-1.4572e-05,5.1e-08
3127,3133.0,,,,,,0.66372807,87.79673412,317.460317460317,48.08,6.3,,9.02,1.511552768948,F5,0.418,12.02089,2.11007,317.22562,-2.2335e-05,7.1203e-05,3.72e-07
3291,3297.0,,,,,,0.70090384,85.34706474,10000000.0,-1.07,1.11,,9.78,-5.22,K5,1.52,797579.51312,148017.84355,9967043.57561,0.0,0.0,0.0
3349,3354.0,,,,,,0.71197316,85.23725951,134.952766531714,43.96,0.74,,9.58,3.92909103989664,F5,0.501,11.01101,2.07649,134.48678,-5.803e-06,2.8171e-05,4e-08
3412,3420.0,,,,,,0.72641156,83.2981512,143.67816091954,-263.89,-60.97,,10.62,4.83304619805281,K0,1.08,16.46534,3.16958,142.69639,7.6159e-05,-0.000172516,-4.955e-06
3427,3433.0,,,,,,0.73028771,84.24525656,298.507462686567,-0.78,10.73,,10.57,3.19522403518423,F0,0.332,29.38609,5.68776,297.00305,-1.4952e-05,-4.043e-06,1.556e-06
4273,4283.0,4853.0,240.0,,,,0.91465655,83.70746159,75.187969924812,62.0,-10.71,12.0,5.59,1.20925820483543,A4V,0.105,8.00582,1.95454,74.73498,-2.83e-07,2.3192e-05,1.177e-05
4310,4320.0,4710.0,,,,,0.92118742,85.70263603,235.294117647059,-2.61,-17.41,,8.1,1.24194465025156,K0,1.067,17.12101,4.21096,234.6326,1.994e-05,1.838e-06,-1.488e-06
4339,4349.0,,,,,,0.92927591,85.20580763,613.496932515337,-0.77,-3.58,,10.93,1.99093802201979,,1.41,49.76422,12.35148,611.35051,1.0849e-05,3.33e-07,-8.89e-07
4955,4965.0,5621.0,,,,,1.06094121,84.60692182,149.925037481259,64.62,-17.55,,6.74,0.860629169582745,F5,0.246,13.55109,3.86374,149.26136,-6.65e-07,4.8647e-05,-1.198e-06
5112,5122.0,5256.0,,,,,1.09379903,87.31879485,89.3655049151028,310.23,79.8,,8.77,4.01415043264175,G5,0.762,4.01018,1.18079,89.26767,-7.1088e-05,0.00011917,1.617e-06
5361,5372.0,5848.0,285.0,,,,1.14559982,86.25711803,95.8772770853308,80.34,-11.36,9.0,4.24,-0.668578457867345,K2II-III,1.213,5.9794,1.8491,95.67277,-5.424e-06,3.7408e-05,8.84e-06
5580,5592.0,6552.0,,,,,1.19537116,83.45698367,291.545189504373,1.93,-4.18,,8.9,1.57647060021385,A2,0.131,31.60777,10.22765,289.64623,4.744e-06,4.402e-06,-6.73e-07
5916,5928.0,6319.0,306.0,,,,1.27016792,87.14554531,99.9000999000999,49.99,-20.22,-5.0,6.2,1.20217038739659,K2III:,1.114,4.7024,1.62398,99.77614,1.1e-06,2.5992e-05,-5.594e-06
6311,6325.0,,,,,,1.35327975,85.13211173,10000000.0,6.83,7.17,,8.59,-6.41,M0IIIvar,1.781,795882.6521,294393.23989,9963930.1194,0.0,0.0,0.0
6433,6447.0,,,,,,1.38016639,83.80917893,142.857142857143,191.03,37.9,,9.62,3.84549020007128,G5,0.703,14.41095,5.44616,142.02403,-7.1176e-05,0.000114527,2.83e-06
6898,6913.0,7585.0,,,,,1.48367884,86.93306587,41.7188151856487,-13.05,10.65,,8.4,5.29834017016827,G0,0.708,2.06578,0.84535,41.65906,-9.9e-07,-3.257e-06,1.15e-07
7269,7283.0,5914.0,286.0,,,,1.56347666,89.01571833,98.5221674876847,64.92,-32.43,-10.0,6.46,1.49233021124616,A3V,0.107,1.55261,0.67355,98.50763,1.706e-06,3.4538e-05,-1.0491e-05
7578,7592.0,,,,,,1.62946798,84.48124685,1851.85185185185,1.8,10.82,,8.56,-2.77803120088516,M0,1.61,162.13462,73.69094,1843.2681,-9.4705e-05,-2.5294e-05,9.341e-06
8380,8397.0,,,,,,1.80533287,87.89125408,122.850122850123,20.82,-65.73,,9.71,4.26312202444601,G0,0.481,4.02485,2.05785,122.76692,2.9185e-05,2.8847e-05,-1.44e-06
8504,8520.0,10124.0,,,,,1.83153663,85.21555596,568.181818181818,26.79,-2.54,,8.11,-0.662436660929252,A5,0.262,42.04618,21.86272,566.20201,-2.7856e-05,6.8684e-05,-5.83e-07
8827,8846.0,8395.0,,,,,1.89634669,88.55166287,234.192037470726,35.83,-11.06,,7.86,1.01213937512512,K0,1.207,5.20471,2.81948,234.11721,-8.338e-06,4.1745e-05,-3.17e-07
8841,8860.0,,,,,,1.89966948,84.32999294,142.045454545455,42.6,4.77,,8.9,3.13786329571056,F8,0.525,12.33383,6.69534,141.35048,-1.6867e-05,2.4221e-05,3.24e-07
9447,9467.0,11281.0,,,,,2.03058002,84.74078902,292.397660818713,15.75,-3.19,,7.87,0.540130530280676,G5,1.021,23.10289,13.58622,291.16672,-7.435e-06,2.1526e-05,-4.14e-07
9484,9504.0,,,,,,2.03829275,85.74182117,166.389351081531,66.82,-48.25,,9.23,3.1243723600137,G0,0.5,10.63689,6.28422,165.93004,6e-06,6.6145e-05,-2.889e-06
9593,9614.0,10772.0,,,,,2.05953711,86.93182634,178.890876565295,49.38,-11.1,,8.11,1.84705903943212,F5,0.342,8.21655,4.91615,178.63444,-1.3738e-05,4.1682e-05,-5.15e-07
10086,10109.0,,,,,,2.16783261,83.67939116,178.25311942959,82.76,-21.87,,10.66,4.40481430628081,G5,0.604,16.54767,10.54913,177.16959,-2.2604e-05,7.04e-05,-2.08e-06
10599,10623.0,12918.0,,,,,2.27924189,83.56151865,131.233595800525,58.29,-42.97,,6.45,0.859774856698003,K0,0.951,12.173,8.26923,130.40588,1.632e-06,4.5939e-05,-3.065e-06
10774,10800.0,12648.0,,,,,2.31659811,85.73594814,174.216027874564,-9.72,85.51,,6.98,0.774559461989869,G5,0.904,10.64333,7.38325,173.73379,-5.4494e-05,-4.7793e-05,5.369e-06
11137,11164.0,13419.0,,,,,2.39449898,84.57090865,341.296928327645,16.47,-25.69,,9.24,1.57433810177055,A2,0.27,26.15159,18.94276,339.76588,1.8283e-05,4.689e-05,-4.021e-06
11734,11767.0,8890.0,424.0,,1Alp UMi,Polaris,2.52974312,89.26413805,132.275132275132,44.22,-11.74,-17.0,1.97,-3.63739102249397,F7:Ib-IIv SB,0.636,1.33964,1.04462,132.26422,-1.1676e-05,2.6852e-05,-1.7481e-05
11948,11980.0,11696.0,,,,,2.57541886,88.47114297,154.083204930663,52.68,-46.8,,8.14,2.20122348400185,A3,0.241,3.21143,2.56652,154.02835,2.732e-06,5.2555e-05,-9.32e-07
11973,12003.0,,,,,,2.57870686,87.42654405,763.358778625954,-0.19,-3.94,,9.92,0.506356478278823,B9,0.139,26.75646,21.4211,762.58891,1.1809e-05,8.554e-06,-6.54e-07
12200,12232.0,15036.0,,,,,2.62442202,83.83453869,197.23865877712,-38.03,11.57,,6.67,0.195039796666681,K0,1.36,16.37705,13.43615,196.0978,1.456e-05,-3.5088e-05,1.188e-06
12377,12410.0,14955.0,,,,,2.66321024,85.05951114,114.285714285714,65.75,-76.22,,8.57,3.28004026511157,G5,0.646,7.54543,6.31974,113.8611,8.862e-06,5.4939e-05,-3.636e-06
12920,12952.0,15374.0,,,,,2.77613017,85.79933286,154.559505409583,28.66,-18.94,,7.82,1.8745214033435,A0,0.106,8.46065,7.5228,154.1443,-3.692e-06,2.5451e-05,-1.039e-06
13116,13149.0,16217.0,,,,,2.81841232,83.87359026,401.606425702811,-11.61,-1.78,,8.32,0.300996735478684,K,1.625,31.71286,28.8324,399.31279,1.7754e-05,-1.4406e-05,-3.69e-07
13981,14015.0,,,,,,3.00698674,84.64783857,190.47619047619,-14.27,13.29,,9.92,3.52079651702979,F5,0.477,12.5402,12.58616,189.64575,7.1e-07,-1.7955e-05,1.144e-06
14249,14285.0,16335.0,,,,,3.06896958,87.02605568,157.232704402516,-31.92,14.67,,7.85,1.86728557824207,F0,0.379,5.66314,5.87144,157.02094,9.759e-06,-2.4927e-05,5.8e-07
14392,14428.0,17243.0,,,,,3.10422055,85.86357081,311.526479750779,-9.91,3.03,,8.79,1.32252516202436,A0,0.058,15.44993,16.3169,310.71499,7.729e-06,-1.3603e-05,3.3e-07
14834,14870.0,18472.0,,,,,3.19954339,83.57938577,666.666666666667,-2.53,8.13,,9.31,0.190456295278407,M8,1.429,49.89096,55.39621,662.48516,-1.1397e-05,-2.4873e-05,2.938e-06
16090,16129.0,20030.0,,,,,3.46253762,83.52832332,526.315789473684,6.97,-2.79,,7.31,-1.29623199523585,K0,1.51,36.57285,46.70696,522.96194,-9.641e-06,1.6532e-05,-8.02e-07
16152,16191.0,,,,,,3.47653821,87.39470345,260.416666666667,-0.58,-2.86,,9.14,2.06165612183765,F8,0.495,7.26365,9.34674,260.14749,2.791e-06,2.398e-06,-1.64e-07
16225,16267.0,,,,,,3.49420904,84.04662385,1724.13793103448,5.67,10.17,,9.06,-2.12286003218531,M2,1.472,109.0774,141.70709,1714.839,-8.9122e-05,-3.8088e-05,8.816e-06
16235,16276.0,20110.0,,,,,3.49748377,84.03879961,85.1063829787234,53.47,-43.54,,8.35,3.70018933303878,G,0.9,5.38529,7.00868,84.64616,-6.607e-06,2.7607e-05,-1.865e-06
16449,16489.0,20084.0,965.0,,,,3.53880973,84.91136314,108.932461873638,62.36,-133.04,33.0,5.62,0.434213406006212,G3IIp...,0.894,5.80364,7.72471,108.50312,1.7503e-05,7.8121e-05,2.7385e-05
16714,16754.0,,,,,,3.59253136,86.39978559,147.275405007364,23.44,-20.78,,9.05,3.20934887140251,F0,0.313,5.45048,7.47118,146.98475,-4.793e-06,2.1824e-05,-9.31e-07
17154,17195.0,14369.0,,,,,3.68221407,89.10495838,88.1057268722467,-52.23,-31.2,,8.1,3.37497930764571,F0,0.413,0.7848,1.13058,88.09497,2.5923e-05,-1.775e-06,-2.08e-07
17631,17673.0,,,,,,3.78562294,87.89684377,117.785630153121,42.91,-44.24,,8.81,3.45453845121976,G0,0.48,2.36787,3.61633,117.70628,-6.669e-06,3.454e-05,-9.27e-07
18255,18300.0,22677.0,,,,,3.91299373,83.54500329,330.03300330033,10.82,-13.54,,7.66,0.0672131425115268,B9,0.019,19.27865,31.70146,327.94074,-3.606e-06,2.7386e-05,-2.435e-06
18390,18436.0,,,,,,3.94166961,85.25326875,207.46887966805,21.65,-25.16,,9.24,2.65523519119425,F0,0.316,8.8102,14.73539,206.7573,-5.747e-06,3.2818e-05,-2.093e-06
18421,18468.0,22499.0,,,,,3.9473912,84.81931023,769.230769230769,8.24,11.99,,8.3,-1.13028323846581,M...,1.471,35.55476,59.66939,766.08837,-4.9189e-05,-2.2523e-05,4.037e-06
19205,19253.0,,,,,,4.12533741,85.62141235,86.1326442721792,30.8,3.13,,8.7,4.02416109869287,G0,0.53,3.09935,5.79971,85.88125,-1.1956e-05,4.912e-06,9.9e-08
19324,19372.0,,,,,,4.14961391,87.29764416,432.900432900433,7.15,-8.1,,9.64,1.45805989946072,B8,0.219,9.5051,18.06179,432.41902,-5.37e-06,2.2013e-05,-8.01e-07
19405,19454.0,22701.0,1107.0,,,,4.16672884,86.62635165,40.9165302782324,142.7,-87.62,-4.0,5.84,2.78050600785258,F5IV,0.393,1.11177,2.13578,40.84562,-1.7207e-05,2.8245e-05,-5.106e-06
20260,20311.0,,,,,,4.35112827,83.901575,113.122171945701,-7.17,40.11,,8.71,3.44226132506537,F8,0.459,5.02811,10.9153,112.48199,-5.579e-06,-2.1509e-05,2.336e-06
20577,20629.0,,,,,,4.42179773,84.08170734,300.3003003003,-9.98,8.66,,8.42,1.0322211675316,K0,1.052,12.43256,28.35842,298.69968,8.271e-06,-1.7318e-05,1.299e-06
20808,20860.0,26356.0,1289.0,,,,4.47035983,83.80776284,210.084033613445,-4.23,11.25,-7.0,5.51,-1.10196523639753,B5V,-0.106,8.83404,20.86778,208.85831,-7.74e-07,-1.2879e-05,-5.881e-06
21266,21319.0,26774.0,,,,,4.57671583,84.47242625,259.067357512953,18.73,-19.68,,7.34,0.272936523358775,K2,1.371,9.08477,23.24218,257.86268,-1.2952e-05,3.1476e-05,-2.38e-06
21333,21386.0,26367.0,,,,,4.59002529,85.52700667,36.6568914956012,13.52,9.02,,6.55,3.72922182992221,F8,0.529,1.03148,2.66627,36.54524,-2.817e-06,-6.23e-07,1.25e-07
21447,21500.0,,,,,,4.61770667,85.86721222,316.455696202532,12.05,-22.12,,9.19,1.68843541309202,F2,0.359,8.07429,21.32926,315.63281,-5.305e-06,3.8198e-05,-2.445e-06
22113,22166.0,28167.0,,,,,4.76877929,84.02984569,223.214285714286,-3.11,-37.13,,7.31,0.566390069990721,K0,0.974,7.35455,22.02092,222.00361,1.585e-05,3.6835e-05,-4.178e-06
23249,23304.0,,,,,,5.01196136,84.57483715,373.134328358209,6.81,-2.55,,10.88,3.02067397014395,,0.444,9.02391,34.10453,371.46288,-1.0733e-05,7.59e-06,-4.36e-07
23337,23392.0,29475.0,,,,,5.02844898,84.87256122,326.797385620915,-2.15,2.99,,7.71,0.1386071324079,A2,0.13,7.34882,28.26664,325.48966,2.109e-06,-5.423e-06,4.23e-07
23524,23577.0,,,,,,5.06946999,85.25932172,107.066381156317,41.26,-195.12,,9.19,4.04173438115047,F8,0.48,2.13437,8.58734,106.7001,3.561e-06,0.000103111,-8.369e-06
24338,24396.0,26341.0,,,,,5.23359679,88.22202521,253.164556962025,-12.61,7.04,,8.6,1.5829854781323,F2,0.351,1.56546,7.69723,253.04267,1.3444e-05,-1.1546e-05,2.68e-07
24572,24631.0,,,,,,5.28384789,84.21156329,662.251655629139,16.72,5.66,,8.47,-0.635115263534152,K5,1.598,12.44942,65.62123,658.87488,-5.6106e-05,-7.756e-06,1.832e-06
24685,24745.0,31095.0,,,,,5.30611961,85.18882929,342.465753424658,3.97,-18.94,,8.2,0.526914257242092,K0,1.375,5.18915,28.2507,341.25908,-8.21e-07,3.2008e-05,-2.637e-06
24968,25029.0,29944.0,,,,,5.35923131,86.86637898,78.003120124805,-30.77,36.95,,8.52,4.05944012591399,G5,0.636,0.71195,4.20416,77.88648,9.142e-06,-1.5698e-05,7.63e-07
25204,25267.0,30881.0,,,,,5.40384921,86.28978155,244.498777506112,6.67,-25.31,,8.02,1.07861654003671,B9,0.028,2.45929,15.62928,243.98633,-3.156e-06,3.0801e-05,-1.941e-06
25846,25911.0,32196.0,1616.0,,,,5.5299996,85.93871532,99.502487562189,17.27,-76.9,-6.0,6.5,1.51083030878254,A5m,0.36,0.86493,6.99382,99.25262,-3.779e-06,3.7311e-05,-8.748e-06
26342,26407.0,34360.0,,,,,5.62084613,83.86148978,204.918032786885,4.44,-21.18,,7.14,0.582099110013553,A0,-0.001,2.1715,21.8045,203.74309,-2.315e-06,2.1253e-05,-2.249e-06
26949,27015.0,34109.0,1714.0,,,,5.73026731,85.66832839,144.927536231884,-10.52,11.39,-14.0,6.69,0.884245453686278,A2V,0.02,0.77234,10.91908,144.51355,6.733e-06,-9.559e-06,-1.3672e-05
27656,27724.0,,,,,,5.87099766,87.2207912,250.62656641604,9.75,-29.99,,10.19,3.19486447843374,G2,0.515,0.41033,12.14528,250.33177,-1.061e-05,3.6773e-05,-1.766e-06
27983,28053.0,,,,,,5.93215557,86.0812832,184.50184501845,38.98,-174.0,,10.93,4.59999643269193,,0.64,0.22394,12.60708,184.07048,-3.2101e-05,0.000155858,-1.0635e-05
28461,28532.0,36905.0,1885.0,,,,6.02226982,85.18211809,409.83606557377,14.66,-1.89,-46.0,6.17,-1.89305086830635,M0III,1.564,-0.20068,34.42107,408.38798,-2.9124e-05,-3.79e-07,-4.7194e-05
28884,28956.0,37599.0,,,,,6.11133541,85.28459962,334.448160535117,-3.51,-0.97,,7.5,-0.121644058377851,G5,1.086,-0.80126,27.48209,333.31616,5.642e-06,1.732e-06,-1.29e-07
29384,29457.0,,,,,,6.206942,88.13174911,101.317122593718,115.24,-231.37,,10.58,5.55158576334818,G2,0.75,-0.17886,3.29822,101.26326,-6.2668e-05,0.000110346,-3.704e-06
29426,29499.0,39261.0,,,,,6.21570993,84.09762255,268.096514745308,-11.56,14.61,,8.56,1.41854415904344,F5,0.457,-1.55609,27.52543,266.67521,1.6066e-05,-1.8009e-05,1.952e-06
29527,29600.0,38847.0,,,,,6.2375113,84.98631828,63.9386189258312,102.96,147.68,,8.82,4.79118374361915,G0V,0.58,-0.34722,5.57702,63.69398,-2.9017e-05,-4.7494e-05,4e-06
30094,30166.0,40456.0,,,,,6.34738969,84.17904139,96.8054211035818,35.88,-22.33,,8.73,3.8005016075981,F8,0.7,-0.89168,9.77745,96.30626,-1.7715e-05,8.852e-06,-1.062e-06
30672,30744.0,,,,,,6.46069168,85.5864784,237.529691211401,-9.82,-159.43,,12.43,5.55141047917834,,0.787,-2.19925,18.14615,236.82532,-1.0796e-05,0.000183066,-1.4127e-05
31352,31429.0,43145.0,,,,,6.58578599,83.76362729,366.300366300366,2.58,-24.17,,9.16,1.34081323520378,F0,0.399,-6.07844,39.32436,364.13267,-1.1045e-05,4.1464e-05,-4.662e-06
31641,31721.0,39164.0,,,,,6.63581272,87.29669721,344.827586206897,0.31,-20.81,,8.3,0.611989989494782,K0,1.965,-2.69465,16.03867,344.44384,-6.268e-06,3.4181e-05,-1.64e-06
32043,32128.0,,,,,,6.70969292,83.90425674,348.432055749129,9.58,15.93,,9.82,2.10940948366996,K0,0.91,-6.83502,36.36327,346.46196,-1.096e-05,-2.9283e-05,2.857e-06
32861,32948.0,42855.0,,,,,6.86313262,86.68459703,133.155792276964,0.12,-105.18,,6.59,0.968199685020842,K3III,1.177,-1.72534,7.50495,132.93293,-1.5261e-05,6.6039e-05,-3.926e-06
33055,33143.0,,,,,,6.90098946,86.72292246,471.698113207547,-12.92,-0.26,,10.38,2.01167930464376,B8,0.283,-6.30151,26.21777,470.92677,2.8586e-05,7.481e-06,-3.3e-08
33379,33466.0,,,,,,6.95716199,84.67059535,271.0027100271,3.6,1.27,,9.93,2.7651318307953,A0,0.076,-6.24169,24.385,269.8312,-4.169e-06,-2.782e-06,1.54e-07
33864,33952.0,47547.0,,,,,7.04508106,84.66269248,88.4955752212389,-45.74,71.02,,7.35,2.6153922174171,G5,0.878,-2.22422,7.92557,88.11188,2.7089e-05,-2.3905e-05,2.834e-06
34484,34575.0,47976.0,,,,,7.16097232,85.57000265,699.300699300699,0.25,3.16,,8.1,-1.12331981267469,M...,1.598,-16.16572,51.53889,697.2115,2.387e-06,-1.0444e-05,8.27e-07
35922,36022.0,51141.0,,,,,7.42365769,85.73899265,79.5544948289578,4.96,-84.71,,8.03,3.52667638842979,F8,0.541,-2.15241,5.50507,79.3346,-1.3644e-05,2.9645e-05,-2.427e-06
36222,36324.0,,,,,,7.47747513,88.63717825,152.20700152207,-0.18,-37.98,,9.24,3.3278268477989,G8,0.945,-1.36557,3.35256,152.16394,-1.0445e-05,2.5996e-05,-6.66e-07
37145,37247.0,,,,,,7.65038446,88.46384051,211.416490486258,9.05,-16.11,,9.97,3.34430570368906,G0,0.545,-2.37332,5.14676,211.3405,-1.5334e-05,1.1104e-05,-4.42e-07
37204,37311.0,56862.0,,,,,7.65985158,84.19738778,588.235294117647,-5.4,-1.99,,7.58,-1.26775539310863,K0,1.609,-25.03756,53.94429,585.22123,1.159e-05,1.1603e-05,-5.73e-07
37285,37391.0,51802.0,2609.0,,,,7.67530319,87.02015634,153.139356814701,-53.48,-26.85,-25.0,5.05,-0.87543409362463,M2III,1.604,-3.38072,7.20739,152.93229,2.8055e-05,3.3678e-05,-2.6569e-05
38008,38115.0,56049.0,,,,,7.81093717,86.33381857,862.068965517241,-5.92,-17.58,,8.85,-0.827710053865408,A0,0.042,-25.16608,49.04355,860.30477,-1.1461e-05,7.6525e-05,-4.697e-06
38117,38225.0,56322.0,,,,,7.83168534,86.36560204,47.192071731949,-68.7,-133.95,,7.88,4.51065478355397,G0,0.601,-1.38017,2.65408,47.09716,-1.65e-07,3.4384e-05,-1.942e-06
38476,38589.0,,,,,,7.90141317,84.47741471,343.642611683849,10.35,27.49,,9.4,1.71946494492954,G5,0.91,-15.79111,29.05797,342.04753,6.615e-06,-4.8283e-05,4.407e-06
38717,38831.0,,,,,,7.9464717,85.2203304,609.756097560976,-3.42,-9.13,,8.98,0.054219240238492,K0,1.184,-24.78465,44.35222,607.63566,-4.294e-06,2.8408e-05,-2.248e-06
39959,40073.0,63834.0,,,,,8.18602463,84.40731522,243.90243902439,-8.35,-7.76,,7.59,0.653919283598678,A0,0.046,-12.87289,19.98219,242.74142,3.354e-06,1.3023e-05,-8.94e-07
40220,40335.0,57535.0,,,,,8.23576505,87.69242518,177.619893428064,-33.49,-36.86,,9.13,2.88254197425673,F0,0.35,-3.95106,5.96116,177.47585,6.516e-06,4.2364e-05,-1.277e-06
40444,40559.0,65299.0,3108.0,,,,8.28165606,84.05768861,174.216027874564,-9.68,-19.14,-3.0,6.45,0.244559461989868,A3IV,0.052,-10.14424,14.91289,173.2799,-2.104e-06,1.7629e-05,-4.725e-06
41001,41118.0,64048.0,,,,,8.38985366,86.37867042,2000.0,-9.76,-7.52,,8.34,-3.1651499783199,M...,1.57,-73.97971,102.39522,1996.00656,3.4089e-05,0.000114397,-4.605e-06
41011,41128.0,65172.0,,,,,8.39162123,85.69222271,222.71714922049,-35.45,-31.79,,7.4,0.661231705016617,G5,0.915,-9.80346,13.55574,222.08796,1.0957e-05,5.0162e-05,-2.578e-06
42192,42311.0,,,,,,8.62712766,84.21245012,271.739130434783,-6.69,-3.51,,8.73,1.55923909336759,K0,1.004,-17.39557,21.1725,270.35397,3.888e-06,9.148e-06,-4.66e-07
42597,42716.0,,,,,,8.70569009,85.68064374,66.577896138482,-62.36,-221.54,,10.88,6.76334966334075,K2,0.931,-3.26223,3.80808,66.38879,-3.11e-05,6.7241e-05,-5.385e-06
42863,42982.0,,,,,,8.75981641,84.69374234,43.2900432900433,-79.53,-192.61,,9.09,5.90805989946072,F8,0.976,-2.64737,3.00314,43.10452,-1.4094e-05,4.1228e-05,-3.738e-06
43268,43391.0,,,,,,8.83901581,87.55564578,1515.15151515152,12.72,-21.62,,9.86,-1.04228032229066,G8,1.232,-43.72735,47.57774,1513.77289,-0.000176148,5.3591e-05,-6.772e-06
43323,43446.0,71986.0,,,,,8.84868698,85.05120044,49.7760079641613,-113.3,-82.3,,7.42,3.93489968374125,F2,0.483,-2.91365,3.15414,49.59045,6.657e-06,3.3084e-05,-1.713e-06
43539,43662.0,72407.0,,,,,8.89525066,85.1890331,274.725274725275,-19.46,-18.35,,8.44,1.24550691824528,G5,1.055,-15.83946,16.73292,273.75736,2.08e-06,3.5501e-05,-2.049e-06
44363,44490.0,72144.0,,,,,9.06476512,86.87710251,119.760479041916,-27.22,-42.78,,8.73,3.33843237741801,G0,0.47,-4.69092,4.53449,119.58263,-6.847e-06,2.8598e-05,-1.353e-06
44437,44563.0,,,,,,9.08000276,88.32233297,147.492625368732,37.64,36.99,,9.9,4.05614846933532,F8,0.459,-3.11662,2.98873,147.4294,4.53e-07,-3.7722e-05,7.74e-07
44960,45088.0,75993.0,,,,,9.1847577,84.69830602,141.643059490085,31.9,-1.88,,8.39,2.63402350525902,F0,0.33,-9.69112,8.7962,141.0371,-1.5673e-05,-1.5355e-05,-1.19e-07
45109,45241.0,75797.0,,,,,9.22177481,85.55772149,277.008310249307,-33.16,-16.49,,7.89,0.67753600952829,K0,1.422,-16.0262,14.26547,276.17614,1.3116e-05,4.7939e-05,-1.715e-06
45260,45391.0,,,,,,9.25014096,84.47892185,157.977883096366,-31.38,-23.95,,8.8,2.80701855008678,F8,0.515,-11.42785,10.02121,157.245,2.118e-06,3.0105e-05,-1.764e-06
45290,45421.0,76990.0,3581.0,,,,9.2558993,84.18098826,90.0900900900901,32.78,10.3,-6.0,6.3,1.52661489393329,F2III,0.339,-6.87653,6.01179,89.62586,-5.585e-06,-1.4132e-05,-5.648e-06
45787,45919.0,66368.0,,,,,9.36356192,88.57030562,125.628140703518,-12.02,16.51,,7.1,1.60456533868835,A0,0.174,-2.417,1.99572,125.58903,1.2411e-05,-7.55e-07,2.5e-07
46911,47044.0,,,,,,9.58748463,88.51278015,138.121546961326,-19.91,-27.86,,9.65,3.94869283098574,G5,0.692,-2.89324,2.11658,138.07501,-7.179e-06,2.1769e-05,-4.84e-07
47371,47506.0,81263.0,,,,,9.68539436,85.09246725,266.666666666667,-28.76,-33.12,,8.23,1.1001563386386,K5,1.453,-18.75106,12.99309,265.68908,-1.3887e-05,5.4855e-05,-3.662e-06
47698,47833.0,,,,,,9.75001894,85.24449444,862.068965517241,1.16,0.0,,10.08,0.402289946134593,M2,1.973,-59.42444,39.70572,859.10132,-2.693e-06,-4.03e-06,0.0
47819,47953.0,21070.0,,,,,9.7721677,89.56940851,147.710487444609,8.94,7.52,,9.04,3.19294334342572,A5,0.295,-0.92655,0.61135,147.70631,9.68e-07,-8.308e-06,4e-08
48027,48163.0,81003.0,,,,,9.81734438,86.8520116,153.609831029186,-39.15,-24.67,,8.27,2.33790494284096,F5,0.337,-7.09539,4.56213,153.37803,3.37e-07,3.4442e-05,-1.008e-06
48352,48489.0,83615.0,,,,,9.88860215,84.4823,250.62656641604,6.55,-20.78,,7.82,0.824864478433743,G5,0.978,-20.50973,12.65271,249.46529,-2.5565e-05,6.421e-06,-2.427e-06
48536,48675.0,84076.0,,,,,9.92698426,84.37937566,139.86013986014,21.91,-9.47,,8.45,2.7215302090054,F8,0.465,-11.72978,7.07453,139.18772,-1.3143e-05,-9.42e-06,-6.28e-07
48538,48677.0,82753.0,,,,,9.92825676,86.44180756,348.432055749129,-14.2,18.87,,8.69,0.979409483669961,K0,1.077,-18.52098,11.16205,347.76037,3.9626e-05,4.122e-06,1.978e-06
49629,49768.0,85013.0,,,,,10.15906258,86.57655371,232.558139534884,-31.66,-43.27,,7.75,0.917342277897933,G5,1.029,-12.30528,6.43689,232.14313,-2.6603e-05,5.4197e-05,-2.912e-06
50340,50482.0,87171.0,,,,,10.30850406,85.82882021,237.529691211401,-3.34,9.88,,8.35,1.47141047917834,A3,0.197,-15.61056,7.40324,236.90052,1.1899e-05,-1.387e-06,8.27e-07
50531,50675.0,87787.0,,,,,10.34813753,85.43384538,574.712643678161,-0.21,-6.57,,9.25,0.452746241412999,A0,0.097,-41.54086,19.17516,572.88855,-1.6321e-05,8.178e-06,-1.457e-06
51240,51384.0,89571.0,4062.0,,,,10.49505784,84.25210531,40.7830342577488,-128.39,-39.6,4.0,5.52,2.46760232923189,F0IV,0.244,-3.77154,1.56794,40.57798,2.172e-06,2.6586e-05,3.286e-06
51367,51516.0,,,,,,10.52189595,88.02335162,96.3391136801541,-161.74,-90.94,,10.36,5.4409867675622,G5,0.689,-3.07724,1.25401,96.28178,-1.0801e-05,8.5969e-05,-1.464e-06
51368,51515.0,88044.0,,,,,10.5219304,87.27095673,319.488817891374,-16.7,-21.67,,8.27,0.747721687732244,K0,1.0,-14.08701,5.7405,319.12647,-2.1284e-05,3.6603e-05,-1.597e-06
51670,51819.0,90343.0,,Gl 396,,,10.58643109,84.39920504,21.0304942166141,18.97,48.01,9.0,7.29,5.67575260636716,K0,0.819,-1.91355,0.74235,20.93009,3.004e-06,-3.239e-06,9.638e-06
51737,51886.0,90235.0,,,,,10.60137814,85.23147709,103.092783505155,17.95,14.5,,8.42,3.35385867133122,G0,0.51,-8.00202,3.06837,102.73594,3.53e-06,-1.0961e-05,6.02e-07
52434,52586.0,91828.0,,,,,10.75290121,84.74446252,194.931773879142,19.22,11.97,,8.08,1.63058682555908,K0,1.085,-16.9121,5.72656,194.11229,4.843e-06,-2.0815e-05,1.036e-06
52688,52842.0,,,,,,10.80431334,86.58770604,127.226463104326,-15.43,-2.29,,11.32,5.79711273019704,K5,1.552,-7.2046,2.33192,127.0009,1.589e-06,9.488e-06,-8.4e-08
52754,52908.0,90162.0,,,,,10.82054491,87.85894296,200.400801603206,-24.68,-6.27,,8.78,2.27050272811695,F8,0.504,-7.13283,2.27525,200.26089,1.487e-06,2.4692e-05,-2.27e-07
53197,53352.0,93212.0,,,,,10.91159182,85.36213412,62.7352572145546,-97.69,-23.23,,8.03,4.04244158530047,G0,0.541,-4.86808,1.42593,62.52984,1.593e-06,3.0491e-05,-5.71e-07
54375,54534.0,95603.0,,,,,11.15962811,85.54421382,177.935943060498,7.16,7.38,,8.38,2.12868157784531,A3,0.184,-13.49058,3.01688,177.39814,4.845e-06,-7.412e-06,4.94e-07
54740,54901.0,96571.0,,,,,11.24184256,85.64011167,196.078431372549,-33.7,8.63,,7.31,0.847850880489682,A2,0.236,-14.61341,2.93924,195.51102,1.4335e-05,2.9791e-05,6.23e-07
54862,55024.0,,,,,,11.26509636,84.95846438,403.225806451613,7.96,1.59,,9.79,1.76225840413108,G5,1.234,-34.78081,6.77554,401.66582,6.3e-08,-1.5864e-05,2.73e-07
55319,55483.0,96870.0,,,,,11.36327495,87.63845987,205.338809034908,9.36,9.62,,7.5,0.937644806073171,B8,-0.009,-8.3437,1.40387,205.16441,7.889e-06,-1.0775e-05,3.94e-07
55962,56124.0,,,,,,11.50527614,88.74971621,153.374233128834,-86.68,16.48,,9.46,3.5312379786596,G0,0.576,-3.31857,0.43223,153.33771,2.0471e-05,6.2325e-05,2.67e-07
56172,56340.0,99884.0,,,,,11.54945657,84.70624046,183.150183150183,10.77,12.73,,7.22,0.905963213523687,K0,0.965,-16.78041,1.98851,182.369,1.005e-05,-1.082e-05,1.042e-06
56498,56666.0,100432.0,,,,,11.61912795,85.61720871,64.8929266709929,12.54,46.95,,7.32,3.2590131935921,F0,0.39,-4.93445,0.49366,64.70316,1.426e-05,-5.391e-06,1.128e-06
57351,57523.0,102120.0,,,,,11.7901287,85.53250815,253.164556962025,-2.51,5.59,,8.03,1.0129854781323,K0,0.92,-19.6901,1.08294,252.39536,6.998e-06,2.7e-06,5.34e-07
57820,57992.0,103126.0,,,,,11.89494182,86.2297745,30.8737264587836,-222.72,241.25,,8.28,5.83205474005088,G5,0.72,-2.02934,0.05582,30.8069,3.6932e-05,3.233e-05,2.374e-06
58336,58508.0,,,,,,11.99915404,86.99519709,10000000.0,-36.62,-3.27,,9.45,-5.55,F2,0.354,-524196.68217,116.09667,9986251.4401,0.0,0.0,0.0
58357,58531.0,104147.0,,,,,12.00300829,86.99444426,263.852242744063,-38.4,-4.73,,8.07,0.963196049840363,A2,0.135,-13.8345,-0.01089,263.4893,-6.08e-06,4.9111e-05,-3.17e-07
58700,58874.0,104904.0,4606.0,,,,12.07459173,85.58691106,76.27765064836,-55.16,90.97,8.0,6.27,1.85801345845042,F6V,0.56,-5.8682,-0.1146,76.0515,3.2504e-05,2.1035e-05,1.0745e-05
59174,59355.0,105942.0,,,,,12.17703932,85.07880505,313.479623824451,-12.12,-6.61,,8.69,1.2089534152859,A3,0.225,-26.86312,-1.24596,312.32402,-1.085e-05,1.7934e-05,-8.61e-07
59234,59415.0,106207.0,,,,,12.18787721,86.93206181,192.307692307692,-22.56,-3.0,,8.04,1.620016718174,K5,1.109,-10.27986,-0.50603,192.03207,-3.823e-06,2.0868e-05,-1.49e-07
59585,59767.0,107192.0,4686.0,,,,12.25574191,87.69998919,46.5549348230912,-27.15,51.95,-4.0,6.27,2.93017138513759,F2V,0.346,-1.86415,-0.12499,46.51742,1.1442e-05,6.908e-06,-3.617e-06
59699,59879.0,107113.0,4683.0,,,,12.28037508,86.43584319,39.6196513470681,211.86,-10.06,-6.0,6.33,3.34044675286048,F4V,0.437,-2.45636,-0.18062,39.54301,1.441e-06,-4.0694e-05,-6.244e-06
61086,61278.0,,,,,,12.55758361,84.67925233,119.331742243437,-123.55,-44.12,,9.41,4.02622009315138,G5,0.842,-10.94808,-1.60959,118.81756,-3.5538e-05,6.7015e-05,-2.366e-06
61204,61396.0,110093.0,,,,,12.5810023,85.73216141,88.1057268722467,-32.99,13.3,,7.21,2.48497930764571,F0,0.249,-6.48103,-0.99347,87.86141,3.464e-06,1.4786e-05,4.22e-07
62712,62908.0,,,,,,12.89300135,85.12945972,108.459869848156,17.79,6.39,,9.54,4.36365460526815,G0,0.589,-8.95822,-2.13332,108.06823,5.423e-06,-8.323e-06,2.85e-07
62748,62945.0,114282.0,,,,,12.89895146,87.6482898,308.641975308642,-10.13,10.96,,7.47,0.0227250510330608,K2,1.425,-12.31556,-2.95313,308.38202,1.2398e-05,1.8559e-05,6.72e-07
62962,63163.0,113591.0,,,,,12.9420253,85.88449157,104.712041884817,-4.58,-4.13,,7.8,2.70001685791873,F8,0.435,-7.28753,-1.8346,104.44203,-2.595e-06,1.744e-06,-1.5e-07
63044,63245.0,,,,,,12.95955701,88.95758734,469.483568075117,7.36,-8.38,,9.79,1.43189801719369,A3,0.36,-8.273,-2.12312,469.40586,-1.4306e-05,-2.0965e-05,-3.46e-07
63560,63762.0,115675.0,,,,,13.06894788,87.11499041,24.3190661478599,-99.82,181.74,,8.77,6.8402655299361,K0,1.102,-1.1764,-0.33808,24.28824,1.7315e-05,1.722e-05,1.078e-06
63807,64009.0,,,,,,13.11614723,88.09090287,434.782608695652,1.11,9.09,,9.72,1.52863918008796,G8,0.958,-13.8703,-4.17243,434.54127,1.901e-05,3.275e-06,6.38e-07
64282,64486.0,116693.0,,,,,13.21819537,86.31627735,259.74025974026,-24.89,-2.36,,8.7,1.6273036475425,G5,1.054,-15.84648,-5.23242,259.20361,-1.2642e-05,2.883e-05,-1.9e-07
64451,64655.0,116459.0,,Gl 506.2,,,13.25342107,84.75210233,53.6480686695279,-130.84,17.6,8.7,7.27,3.62222954008981,G0,0.53,-4.6451,-1.58144,53.42319,-7.422e-06,3.3418e-05,9.279e-06
64657,64861.0,,,,,,13.29496955,84.71566131,46.0617227084293,274.12,-79.18,,9.68,6.3632991172721,K2,0.872,-4.00074,-1.41081,45.86595,3.752e-06,-6.358e-05,-1.628e-06
65368,65572.0,118523.0,,,,,13.44406628,85.2706276,168.350168350168,-40.46,17.64,,7.93,1.79893222490597,F2,0.441,-12.90019,-5.12344,167.77697,1.145e-06,3.5983e-05,1.186e-06
65658,65864.0,,,,,,13.50009498,86.32532112,91.743119266055,16.37,37.1,,9.61,4.79713248970312,G5,0.632,-5.43229,-2.25028,91.55449,1.7998e-05,-4.24e-07,1.057e-06
66921,67134.0,121623.0,,,,,13.75871747,84.51332424,344.827586206897,-3.63,-7.72,,7.73,0.0419899894947822,K0,1.211,-29.53692,-14.64989,343.24774,-1.4204e-05,-2.71e-07,-1.233e-06
67225,67437.0,122882.0,,,,,13.82107899,85.74774453,106.723585912487,-42.62,22.64,,7.3,2.15869795443889,F0,0.413,-7.03088,-3.63142,106.4298,2.59e-07,2.4951e-05,8.68e-07
67737,67951.0,126047.0,,,,,13.91596128,87.39557828,144.092219020173,1.27,11.54,,8.95,3.15679735227427,B9,0.083,-5.741,-3.14824,143.94338,7.487e-06,3.094e-06,3.66e-07
70138,70360.0,134437.0,,,,,14.39577744,87.97457522,225.225225225225,16.86,25.41,,9.01,2.2469148505731,K0,0.985,-6.44504,-4.67172,225.08451,3.3252e-05,1.367e-06,9.8e-07
70312,70534.0,129560.0,,,,,14.42934792,85.27297763,518.134715025907,-34.25,18.47,,8.62,0.0477865450388695,K0,1.204,-34.35014,-25.36234,516.37234,-1.3904e-05,9.667e-05,3.823e-06
70696,70920.0,,,,,,14.50284209,86.1535122,168.634064080944,-34.46,17.91,,9.58,3.44527346682131,F8,0.428,-8.96972,-6.89332,168.25419,-5.582e-06,3.1238e-05,9.82e-07
70806,71030.0,,,,,,14.52735629,88.85886251,529.100529100529,19.43,-9.47,,8.65,0.0323090208662205,K3,1.557,-8.31356,-6.47434,528.99559,1.146e-05,-5.4241e-05,-4.83e-07
70855,71079.0,,,,,,14.53526036,84.30679219,497.512437810945,-15.77,3.59,,9.85,1.36598028710244,A0,0.261,-38.87624,-30.40504,495.05837,-1.6644e-05,3.5267e-05,8.58e-07
70938,71161.0,131616.0,,,,,14.55494247,85.93840516,177.935943060498,-16.1,-4.85,,7.12,0.868681577845306,K0,0.926,-9.88724,-7.81523,177.48905,-1.1885e-05,8.307e-06,-2.96e-07
71501,71725.0,135294.0,,,,,14.67179029,87.21471827,326.797385620915,-10.8,21.68,,6.91,-0.6613928675921,K0,1.46,-12.15118,-10.22385,326.41132,1.5234e-05,3.5178e-05,1.668e-06
71641,71866.0,,,,,,14.699339,85.2949865,314.465408805031,6.66,16.67,,8.87,1.38213559992216,F5,0.42,-19.617,-16.74863,313.40572,2.5853e-05,8.723e-06,2.084e-06
72746,72973.0,135280.0,,,,,14.91311536,85.12091193,232.018561484919,-78.55,-28.69,,7.46,0.632386350803658,K0,1.026,-14.26776,-13.63301,231.17782,-8.4282e-05,4.1665e-05,-2.744e-06
73038,73264.0,138465.0,,,,,14.97291242,87.00628486,146.198830409357,-49.33,-3.12,,8.12,2.29528050860058,F8,0.558,-5.43722,-5.36064,145.9993,-2.6118e-05,2.3345e-05,-1.15e-07
73807,74034.0,,,,,,15.12975734,85.74990256,72.2543352601156,-107.47,46.7,,11.14,6.8456804506037,K8,1.592,-3.65561,-3.91281,72.05564,-1.637e-05,3.7618e-05,1.212e-06
73813,74040.0,,,,,,15.13140873,86.49149825,107.066381156317,-42.81,32.28,,9.69,4.54173438115047,G5,1.1,-4.47093,-4.78965,106.8657,-4.831e-06,2.7386e-05,1.025e-06
75300,75529.0,140625.0,,,,,15.42968099,84.50399624,64.1025641025641,122.54,-25.28,,8.8,4.76562299177231,K0V,0.797,-3.82652,-4.80117,63.80787,2.4904e-05,-2.9848e-05,-7.52e-07
75350,75576.0,145367.0,,,,,15.43914511,87.43540072,130.378096479791,-37.43,21.97,,9.1,3.5239768197449,F8,0.481,-3.62471,-4.57115,130.24751,-9.917e-06,2.5568e-05,6.21e-07
75406,75634.0,141155.0,,,,,15.45289039,84.82536298,185.185185185185,12.83,-51.75,,6.87,0.531968799114844,K0,0.998,-10.33028,-13.12431,184.43044,-1.9566e-05,-4.348e-05,-4.19e-06
75497,75726.0,141263.0,,,,,15.47030205,84.6963518,355.871886120996,3.14,21.25,,9.03,1.2735315995254,K,0.715,-20.22729,-25.9406,354.34833,2.6717e-05,2.5455e-05,3.388e-06
76398,76632.0,143802.0,,,,,15.64995896,85.28585695,125.470514429109,-63.39,33.12,,6.88,1.38729160698056,A5,0.207,-5.95145,-8.42092,125.04606,-1.9899e-05,3.8648e-05,1.655e-06
76874,77109.0,144301.0,,,,,15.74463347,84.57921746,73.5294117647059,-78.91,113.33,,8.05,3.71769454185109,F8,0.498,-3.86725,-5.77019,73.20057,-9.75e-07,4.9066e-05,3.816e-06
77925,78160.0,,,,,,15.96001503,85.79571288,641.025641025641,5.76,8.48,,8.48,-0.554377008227691,G8,0.985,-23.92244,-40.451,639.30063,2.8784e-05,1.3509e-05,1.931e-06
78832,79069.0,150265.0,,,,,16.14093724,86.19983633,446.428571428571,-11.71,16.71,,8.59,0.341240091670816,A2V,0.268,-13.83861,-26.1521,445.44699,-5.522e-06,4.3746e-05,2.396e-06
78861,79100.0,,,,,,16.14584021,85.0703111,186.219739292365,-34.47,-34.63,,10.34,3.98987142849778,G0,0.56,-7.46639,-14.15385,185.53089,-4.2054e-05,-1.3029e-05,-2.686e-06
78937,79176.0,,,,,,16.15964936,88.51173994,289.017341040462,2.91,2.99,,9.27,1.96538049396388,F5,0.465,-3.47829,-6.65187,288.91984,5.553e-06,1.821e-06,1.08e-07
79278,79517.0,149501.0,,,,,16.22624289,84.55190639,227.790432801822,7.09,15.72,,8.56,1.77232260121061,A5,0.166,-9.68597,-19.33708,226.76141,1.4739e-05,1.1944e-05,1.648e-06
79983,80223.0,163545.0,,Gl 654.4,,,16.37694496,88.6060303,296.73590504451,1.41,26.1,-10.3,8.32,0.958149504356694,K0,0.872,-2.97585,-6.57675,296.64808,1.7426e-05,3.3593e-05,-9.617e-06
80320,80561.0,152643.0,,,,,16.44750567,85.6169807,87.719298245614,27.06,36.37,,8.63,3.91452425668236,F8,0.45,-2.65031,-6.15768,87.46275,1.6665e-05,9.615e-06,1.181e-06
80806,81053.0,,,,,,16.55382889,85.8882591,71.7875089734386,-186.24,114.1,,10.41,6.12975558211982,K0,0.82,-1.90257,-4.78276,71.60273,-4.5583e-05,6.0756e-05,2.847e-06
81377,81625.0,153939.0,,,,,16.67187595,84.4573508,476.190476190476,-6.22,8.3,,8.46,0.0710964736695967,K2,0.958,-15.67179,-43.2413,473.96408,-7.001e-06,2.2821e-05,1.85e-06
81770,82019.0,156374.0,,,,,16.75456668,86.06975776,421.940928270042,-36.37,40.0,,8.25,0.12374173005052,G5,1.071,-9.26348,-27.3969,420.94862,-4.4328e-05,0.000101153,5.607e-06
82031,82281.0,163988.0,,,,,16.81202928,88.15620561,431.034482758621,-2.36,13.61,,8.12,-0.0525600755455002,F5,0.475,-4.24401,-13.20308,430.81131,4.003e-06,2.8569e-05,9.15e-07
82377,82630.0,156401.0,,,,,16.89138759,84.76426414,200.803212851406,-32.12,45.4,,7.9,1.38614671379859,A0,0.179,-5.2439,-17.55766,199.96539,-1.7364e-05,5.1116e-05,4.032e-06
82512,82763.0,,,,,,16.91488448,87.73427826,373.134328358209,-16.32,-6.63,,8.96,1.10067397014395,K0,1.09,-4.1345,-14.16024,372.84262,-3.1695e-05,-3.229e-06,-4.74e-07
82678,82931.0,,,,,,16.94806686,86.83789492,131.578947368421,-30.71,56.15,,9.16,3.56406796140396,G0,0.617,-1.97366,-6.98454,131.37861,-9.126e-06,3.974e-05,1.975e-06
82714,82968.0,160010.0,,,,,16.95501557,86.84446974,114.41647597254,-31.83,54.93,,8.36,3.06755716317201,F2,0.408,-1.70163,-6.064,114.24299,-8.779e-06,3.4059e-05,1.677e-06
83752,84008.0,159251.0,,,,,17.17238006,84.59883658,161.290322580645,29.5,-21.97,,7.24,1.20195844749127,G5,1.039,-3.26381,-14.82704,160.5742,1.8849e-05,-2.166e-05,-1.616e-06
84249,84505.0,,,,,,17.27588702,84.37803155,370.37037037037,-7.81,1.13,,8.77,0.926818820794936,G5,0.989,-6.83715,-35.63312,368.58885,-1.339e-05,4.625e-06,1.98e-07
84280,84535.0,183030.0,7394.0,,Lam UMi,,17.28257238,89.03771546,268.817204301075,-23.03,-3.07,2.0,6.31,-0.837285300590511,M1III,1.575,-0.84296,-4.43518,268.77929,-3.0237e-05,1.64e-06,1.977e-06
84601,84858.0,166179.0,,,,,17.34342826,87.37537892,163.66612111293,17.02,0.4,,8.33,2.26020605121277,F0,0.328,-1.28192,-7.38419,163.49443,1.3359e-05,-1.997e-06,1.4e-08
85440,85699.0,166926.0,6811.0,,24    UMi,,17.51304716,86.96802383,47.8927203065134,56.09,9.68,1.0,5.78,2.37865247165112,A2m,0.239,-0.32206,-2.51264,47.82567,1.3195e-05,5.16e-07,1.14e-06
85561,85822.0,166205.0,6789.0,,23Del UMi,,17.53691588,86.58632924,56.0224089635854,10.54,53.97,-8.0,4.35,0.60819110224106,A1Vn,0.021,-0.40342,-3.31134,55.923,4.669e-06,1.4661e-05,-7.294e-06
86430,86695.0,166798.0,,,,,17.71388624,85.67013439,114.285714285714,7.92,-11.69,,7.58,2.29004026511157,F0,0.348,-0.6457,-8.6042,113.95953,3.892e-06,-6.768e-06,-4.88e-07
86789,87057.0,166818.0,,,,,17.79013369,84.70267893,227.790432801822,1.2,16.33,,8.3,1.51232260121061,A0,0.061,-1.15489,-20.99879,226.81754,2.309e-06,1.7855e-05,1.664e-06
87393,87663.0,170791.0,,,,,17.90660678,86.55860466,212.765957446808,1.1,21.17,,7.67,1.03048928967859,K0,1.137,-0.31224,-12.768,212.38228,1.667e-06,2.1761e-05,1.31e-06
88281,88554.0,,,,,,18.08205287,85.47110452,108.342361863489,10.77,-26.36,,9.12,3.94600850512956,F8,0.513,0.18375,-8.55294,108.00407,5.951e-06,-1.3676e-05,-1.093e-06
88379,88653.0,170489.0,,,,,18.09994227,84.65585842,59.7014925373134,7.66,14.31,,7.3,3.42007405686432,F2,0.41,0.14547,-5.55855,59.44198,2.108e-06,4.18e-06,3.85e-07
88570,88846.0,187138.0,,,,,18.13674499,88.82277953,182.815356489945,-16.98,6.07,,8.21,1.89993663166716,G9III,1.043,0.13443,-3.75352,182.77676,-1.5231e-05,4.836e-06,1.1e-07
89188,89465.0,174878.0,,,,,18.25796826,86.65768383,363.636363636364,-5.6,27.77,,6.51,-1.29333653084869,M...,1.604,1.4307,-21.15215,363.01782,-1.3147e-05,4.8092e-05,2.854e-06
89241,89516.0,,,,,,18.26728948,84.61148946,581.395348837209,0.92,-4.53,,8.49,-0.332357765462255,K2,1.531,3.81744,-54.46444,578.82605,3.475e-06,-1.2498e-05,-1.198e-06
89509,89787.0,,,,,,18.32335755,86.40859007,263.157894736842,-0.53,33.55,,10.36,3.25891798308405,F2,0.507,1.39382,-16.42541,262.64108,-4.285e-06,4.2506e-05,2.681e-06
90020,90298.0,181518.0,,,,,18.42488318,87.80912962,305.810397553517,6.79,-4.95,,8.58,1.15273876330143,A3,0.19,1.29772,-11.61844,305.58685,1.0817e-05,-6.17e-06,-2.8e-07
90818,91099.0,181203.0,,,,,18.58247066,87.29199369,257.731958762887,15.65,-2.38,,8.49,1.43415862797104,A5,0.187,1.84965,-12.03551,257.44414,1.9777e-05,3.4e-08,-1.4e-07
91051,91333.0,,,,,,18.62868973,85.60863992,249.376558603491,3.96,18.86,,9.09,2.10572186310091,A0,0.258,3.12859,-18.83638,248.64446,9.97e-07,2.321e-05,1.745e-06
91441,91720.0,,,,,,18.70422587,88.30268146,42.93688278231,-91.77,144.88,,9.96,6.7958474426734,K8,1.06,0.23314,-1.25021,42.91804,-2.4303e-05,2.613e-05,8.93e-07
91591,91876.0,177806.0,,,,,18.72984368,84.54326624,88.0281690140845,17.57,-43.86,,8.91,4.186891656875,F8,0.492,1.58974,-8.21861,87.62925,1.0899e-05,-1.6868e-05,-1.779e-06
93682,93976.0,183677.0,,,,,19.13451943,84.77834337,751.87969924812,1.24,-12.46,,8.59,-0.790741795164571,K2,1.68,20.02667,-65.43163,748.75945,1.7558e-05,-4.1923e-05,-4.133e-06
93718,94010.0,,,,,,19.14047025,86.93653974,117.647058823529,-0.46,-6.57,,9.25,3.89709462857146,F8,0.491,1.84945,-6.00912,117.47893,8.49e-07,-3.653e-06,-2e-07
93974,94267.0,185778.0,,,,,19.1876077,86.07920945,213.219616204691,40.33,1.6,,8.68,2.03586421357542,G5,0.821,4.46026,-13.88036,212.72058,3.9182e-05,1.4323e-05,1.13e-07
95098,95392.0,187216.0,,,,,19.40510426,85.36587644,10000000.0,-2.07,3.25,,9.66,-5.34,R...,1.632,290542.30052,-753875.96892,9967309.3759,0.0,0.0,0.0
95491,95788.0,,,,,,19.48290257,86.63121591,438.59649122807,7.89,22.53,,8.77,0.559674235002269,G8,1.029,9.75623,-23.85508,437.83859,-2.574e-06,5.0612e-05,2.814e-06
96239,96542.0,189205.0,,,,,19.62695396,84.7714384,293.255131964809,1.63,-12.98,,8.26,0.923771894962489,A0,0.085,11.04165,-24.33632,292.03492,9.702e-06,-1.5776e-05,-1.681e-06
96515,96821.0,195252.0,,,,,19.67990608,87.92233744,359.712230215827,4.43,-12.84,,8.01,0.230223979590381,K2,1.26,5.55231,-11.80002,359.47575,1.6516e-05,-1.6957e-05,-8.11e-07
96533,96839.0,189805.0,,,,,19.68473482,84.72973456,50.9164969450102,67.33,66.44,,8.48,4.94570741725465,G0,0.647,1.99656,-4.22929,50.70124,8.057e-06,2.1861e-05,1.506e-06
97600,97910.0,193135.0,,,,,19.89687329,85.75883247,558.659217877095,-11.03,-1.73,,7.71,-1.02573484510053,K2,1.596,19.68432,-36.3249,557.12938,-2.4037e-05,-1.834e-05,-3.46e-07
98072,98382.0,193214.0,,,,,19.98891004,84.66874674,90.00900090009,-2.17,-42.41,,6.8,2.02857029470434,A2,0.168,4.16048,-7.25474,89.61963,8.344e-06,-1.6454e-05,-1.719e-06
98598,98913.0,195587.0,,,,,20.08509034,86.26592012,136.054421768707,-16.64,-31.86,,8.57,2.90143669542098,G5,0.784,4.60015,-7.57296,135.76558,1.506e-06,-2.3619e-05,-1.368e-06
98776,99091.0,194836.0,,,,,20.11696711,85.09073006,324.675324675325,-1.85,7.11,,7.76,0.202753582502223,K0,1.074,14.62276,-23.62597,323.48424,-8.343e-06,7.948e-06,9.57e-07
98917,99232.0,195146.0,,,,,20.14344571,85.1242696,40.4858299595142,-68.66,-20.57,,7.13,4.09348476629833,F8,0.572,1.83121,-2.91337,40.33932,-9.268e-06,-1.0576e-05,-3.43e-07
99116,99433.0,195147.0,,,,,20.1821119,84.54441655,165.562913907285,32.6,43.05,,7.16,1.06518469310566,F0,0.385,8.5111,-13.2413,164.81294,3.412e-06,4.3081e-05,3.285e-06
101119,101444.0,,,,,,20.55901588,88.0671825,328.947368421053,5.11,22.86,,9.24,1.65436791804377,K0,1.25,6.88915,-8.69655,328.76021,-1.6235e-05,3.3617e-05,1.229e-06
101556,101884.0,211455.0,,,,,20.64654374,89.40653468,242.130750605327,-2.27,-11.63,,8.93,2.00975025828201,A5,0.236,1.60192,-1.92964,242.11776,6.668e-06,-1.2204e-05,-1.41e-07
101774,102104.0,199625.0,,,,,20.6916681,84.61389337,188.323917137476,-8.93,-12.76,,8.49,2.11547260540735,A2,0.163,11.45119,-13.46699,187.49242,1.302e-06,-1.4116e-05,-1.093e-06
101912,102243.0,,,,,,20.71758903,86.88949974,263.852242744063,18.14,20.8,,9.04,1.93319604984036,K0,1.128,9.34824,-10.84387,263.46352,2.27e-07,3.527e-05,1.443e-06
102316,102646.0,203317.0,,,,,20.7998176,87.53739706,147.275405007364,35.26,23.3,,8.52,2.67934887140251,F2,0.405,4.23405,-4.70284,147.13939,7.588e-06,2.9195e-05,7.14e-07
102564,102893.0,201748.0,,,,,20.84516211,85.86791553,177.935943060498,12.18,15.61,,8.52,2.26868157784531,F0,0.218,8.6912,-9.42602,177.47341,-1.379e-06,1.6995e-05,9.7e-07
102585,102915.0,,,,,,20.8497558,85.86796293,10000000.0,10.65,16.84,,11.3,-3.7,,0.419,489077.10594,-529148.50268,9974006.48919,0.0,0.0,0.0
102717,103047.0,,,,,,20.87796634,84.65887161,10000000.0,0.17,-0.42,,10.98,-4.02,K,1.6,636851.51014,-678901.96223,9956581.35504,0.0,0.0,0.0
103105,103435.0,203836.0,,,,,20.95615963,87.03262539,150.375939849624,14.93,17.71,,7.42,1.53410822651552,A3,0.1,5.44097,-5.56732,150.17431,-1.227e-06,1.6827e-05,6.68e-07
104170,104503.0,,,,,,21.16895523,85.66951995,909.090909090909,-7.41,0.99,,9.44,-0.353036574208874,A2,0.214,50.63797,-46.34537,906.49555,-2.5256e-05,-2.1152e-05,3.29e-07
105690,106030.0,207779.0,,,,,21.47570554,87.00173513,273.224043715847,13.81,17.33,,8.4,1.21740542697205,A2,0.244,11.28239,-8.77185,272.85003,-6.869e-06,2.851e-05,1.2e-06
106217,106556.0,,,,,,21.5807949,89.2229166,245.700245700246,11.05,13.41,,9.83,2.8779720461261,A5,0.238,2.68596,-1.97217,245.67764,-5.083e-06,2.0061e-05,2.16e-07
106300,106641.0,209556.0,,,,,21.60048149,87.78378287,99.304865938431,38.77,40.81,,8.37,3.38514735276809,F5,0.468,3.10705,-2.25681,99.23058,-4.915e-06,2.6637e-05,7.59e-07
106391,106732.0,208390.0,,,,,21.62043642,86.44139429,208.768267223382,13.67,16.97,,8.96,2.36167756707282,A,0.159,10.52395,-7.5604,208.36572,-5.849e-06,2.1236e-05,1.066e-06
107640,107982.0,,,,,,21.87558683,84.82369643,126.262626262626,-19.41,9.88,,9.12,3.61362590794747,G0,0.625,9.67461,-6.01399,125.7477,-1.1387e-05,-6.91e-06,5.45e-07
108517,108862.0,213126.0,,,,,22.0536567,88.07302911,156.25,27.46,13.75,,7.45,1.48089986991944,A2,0.108,4.58655,-2.56283,156.16164,1.059e-06,2.3234e-05,3.5e-07
108824,109169.0,211681.0,,,,,22.11345164,85.40918479,70.871722182849,87.85,76.08,,8.1,3.84763506877174,G5,0.735,4.9946,-2.68911,70.64434,-8.632e-06,3.8926e-05,2.092e-06
109348,109693.0,212710.0,8546.0,,,,22.21949292,86.10785672,78.4313725490196,51.31,40.32,4.0,5.27,0.797550923849871,B9.5Vn,-0.03,4.75581,-2.39271,78.25047,-4.647e-06,2.4176e-05,5.122e-06
109350,109694.0,212774.0,,,,,22.21963678,86.22134932,233.644859813084,32.91,5.3,,6.59,-0.252781154934139,K0,1.186,13.75519,-6.91978,233.13693,1.14e-05,3.5991e-05,3.95e-07
110140,110485.0,213593.0,,,,,22.38000024,85.06168619,255.754475703325,33.61,12.94,,7.15,0.110883786979334,K0,0.973,20.06559,-9.05996,254.8051,2.58e-06,4.4556e-05,1.381e-06
110757,111103.0,,,,,,22.50802481,86.52955831,205.338809034908,18.53,46.95,,9.34,2.77764480607317,G0,0.531,11.49369,-4.73257,204.96225,-3.6113e-05,3.4817e-05,2.829e-06
110898,111244.0,215743.0,,,,,22.53827194,87.28455761,290.697674418605,-8.52,-8.29,,8.24,0.922792212857652,A0,0.043,12.77583,-5.14256,290.37126,6.341e-06,-1.5495e-05,-5.53e-07
112234,112592.0,216720.0,,,,,22.80360363,84.77600579,218.818380743982,50.98,-3.67,,7.09,0.389581000349251,K0,1.079,18.95401,-6.13876,217.90948,2.035e-05,5.0252e-05,-3.54e-07
112476,112833.0,217157.0,8736.0,,,,22.85081593,85.373461,140.056022408964,13.22,114.38,-30.0,5.89,0.158491058880872,K5,1.34,10.78958,-3.34772,139.59966,-7.3632e-05,3.2244e-05,-2.4317e-05
112522,112882.0,217158.0,,,,,22.85935523,85.04636467,350.877192982456,26.84,4.21,,7.32,-0.405775699957447,M4IIIvar,1.365,28.9572,-8.91375,349.56663,6.612e-06,4.5732e-05,6.18e-07
114748,115109.0,220497.0,,,,,23.31486557,86.05659728,564.971751412429,-1.37,12.71,,8.56,-0.200133668190967,K2,1.114,38.23035,-6.93179,563.63416,-3.484e-05,2.503e-06,2.393e-06
115186,115550.0,221142.0,,,,,23.40580911,86.41774505,136.054421768707,-20.73,17.69,,6.61,0.941436695420975,F0,0.55,8.39822,-1.31705,135.78858,-1.3622e-05,-1.1703e-05,7.29e-07
115382,115746.0,221525.0,8938.0,,,,23.44997751,87.30745696,94.0733772342427,76.9,19.35,-11.0,5.56,0.692666322616485,A7IV,0.25,4.37349,-0.63415,93.96951,-4.214e-06,3.6047e-05,-1.0823e-05
115389,115753.0,221344.0,,,,,23.45136623,86.00814429,302.114803625378,-1.03,-6.77,,7.57,0.169139968878595,G5,0.895,20.81505,-3.01043,301.38185,9.573e-06,-2.908e-06,-6.9e-07
115449,115813.0,221488.0,,,,,23.46223049,86.55876618,72.1500721500721,-43.93,34.55,,7.2,2.90881615137894,F5,0.482,4.28794,-0.6077,72.01997,-1.4099e-05,-1.352e-05,7.25e-07
115744,116109.0,221829.0,,,,,23.52609113,86.17808401,307.692307692308,-7.09,-10.98,,7.09,-0.350583195105627,A5,0.171,20.35175,-2.53805,307.00801,1.4907e-05,-1.2516e-05,-1.091e-06
116453,116818.0,,,,,,23.67692871,84.81439118,337.837837837838,1.95,-3.67,,9.9,2.25645855529469,K,1.129,30.42545,-2.57953,336.45511,6.234e-06,2.676e-06,-5.43e-07
116580,116945.0,222874.0,,,,,23.70515529,85.46857574,242.718446601942,-21.3,-9.73,,7.7,0.774486080165674,K0,1.046,19.11907,-1.47874,241.95974,9.446e-06,-2.5867e-05,-9.04e-07
116643,117008.0,223257.0,,,,,23.72000713,88.34201833,240.963855421687,29.12,6.27,,9.02,2.11024048356046,A0,0.138,6.95313,-0.51059,240.86297,-4.81e-06,3.446e-05,2.11e-07
116687,117053.0,,,,,,23.72991539,87.35496206,141.043723554302,34.01,-28.24,,9.52,3.77323117591533,G0,0.647,6.49265,-0.45984,140.89345,2.0882e-05,2.1833e-05,-8.91e-07
116982,117350.0,223383.0,,,,,23.79387722,85.07839605,246.913580246914,-14.68,1.26,,7.77,0.807275116073344,G5,0.89,21.15252,-1.14255,246.00321,-2.448e-06,-1.7464e-05,1.29e-07
117917,118285.0,224687.0,,,,,23.99177045,86.70640708,193.798449612403,36.25,-1.48,,6.75,0.313248508136057,A0,0.081,11.13415,-0.02398,193.47834,1.461e-06,3.4053e-05,-7.9e-08
118059,0.0,,,GJ 1035,,,1.33622444913279,84.1522070782062,13.6612021857923,-978.014,458.135,,14.77,14.092555405292,m,1.79,1.30758,0.47704,13.59011,-6.155e-06,-7.1191e-05,3.091e-06
118116,0.0,,,NN 3137,,,2.44405215152518,88.4040732375019,20.4081632653061,-89.402,420.603,,12.89,11.3409804001426,m,,0.45594,0.33936,20.40024,-2.8086e-05,-3.193e-05,1.158e-06
118492,0.0,,,NN 3456,,,7.82904035131162,84.9875519449573,20.8333333333333,-150.492,-338.011,,12.8,11.2062061868779,m,,-0.83868,1.61552,20.75366,-2.179e-06,3.7184e-05,-2.982e-06
118537,0.0,,,NN 3496,,,8.53858841253524,84.4084982032503,23.2558139534884,283.155,205.724,,13.42,11.5873422778979,m,1.62,-1.3975,1.78366,23.14515,-1.0891e-05,-3.7857e-05,2.259e-06
118602,0.0,,,NN 3536,,,9.28493588601872,84.1824340290545,25.6410256410256,-516.521,410.859,-28.7,11.92,9.8753230351325,m,,-1.96962,1.6957,25.50896,8.2647e-05,1.3566e-05,-2.4024e-05
118873,0.0,,,NN 3768,,,13.1410616136793,85.0445029565245,18.348623853211,225.059,-241.346,,16.0,14.6819825113832,DC9,0.78,-1.51479,-0.46647,18.28003,-1.4548e-05,-2.5426e-05,-1.854e-06
